Number,expr,bind
331,00.57,00.05
332,00.07,00.04
333,00.48,00.06
334,00.37,00.09
335,00.12,00.04
336,01.55,00.71
337,00.62,00.20
338,01.68,00.81
339,00.32,00.10
340,00.93,00.27
341,01.69,00.81
342,02.06,01.05
343,02.20,00.56
344,01.42,00.43
345,01.28,00.25
346,00.26,00.06
347,01.99,00.87
348,00.92,00.25
349,01.82,01.03
350,02.12,01.29
351,01.84,01.06
352,00.93,00.34
353,02.19,01.40
354,00.81,00.26
355,02.18,01.81
356,00.71,00.40
357,00.35,00.08
358,01.36,00.73
359,00.24,00.09
360,00.76,00.28
361,01.10,00.63
362,00.23,00.09
363,00.82,00.23
364,02.10,00.57
365,00.93,00.37
366,00.35,00.10
367,00.18,00.04
368,01.52,00.71
369,00.19,00.06
370,00.59,00.15
371,00.48,00.12
372,00.42,00.11
373,00.13,00.03
374,00.84,00.31
375,00.95,00.31
376,00.63,00.18
377,01.90,00.70
378,00.72,00.20
379,02.77,01.69
380,02.33,01.25
381,01.59,00.51
382,01.37,00.35
383,00.41,00.07
384,00.36,00.06
385,00.16,00.04
386,00.43,00.11
387,01.65,00.50
388,00.62,00.16
389,00.56,00.13
390,00.48,00.10
391,00.24,00.10
392,00.59,00.14
393,00.48,00.10
394,00.26,00.06
395,01.56,00.67
396,00.92,00.28
397,01.55,00.86
398,02.45,02.10
399,01.99,00.75
400,02.46,02.27
401,02.03,01.87
402,01.68,01.16
403,01.21,01.55
404,01.64,01.56
405,01.04,00.34
406,01.81,00.62
407,02.09,01.41
408,00.24,00.09
409,01.76,00.80
410,02.06,01.63
411,01.56,00.44
412,02.63,01.73
413,00.72,00.21
414,00.90,00.27
415,00.58,00.12
416,02.25,02.21
417,00.17,00.39
418,02.27,01.44
419,02.07,01.25
420,01.05,00.25
421,01.51,00.70
422,02.31,02.16
423,02.50,02.58
424,02.13,01.12
425,01.81,01.21
426,02.28,00.86
427,00.48,00.08
428,00.91,00.16
429,02.36,01.78
430,00.70,00.25
431,02.65,02.77
432,02.42,01.17
433,02.46,01.65
434,01.70,00.90
435,02.03,01.11
436,02.40,00.93
437,01.76,01.50
438,01.81,01.80
439,00.60,00.51
440,00.29,00.05
441,00.41,00.19
442,02.18,02.40
443,01.00,01.93
444,00.20,00.17
445,00.14,00.12
446,00.45,00.26
447,00.40,01.57
448,00.71,00.94
449,00.12,01.30
450,00.25,00.24
451,01.29,00.88
452,00.31,00.12
453,01.13,00.54
454,02.51,03.25
455,00.26,00.86
456,00.37,01.56
457,02.20,01.75
458,00.39,00.07
459,00.34,00.07
460,00.26,00.07
461,01.82,01.40
462,00.49,00.10
463,01.61,00.52
464,01.04,00.34
465,01.47,00.39
466,01.64,00.54
467,02.57,01.78
468,00.46,00.12
469,01.19,00.41
470,00.39,00.08
471,00.52,00.12
472,00.59,00.79
473,00.73,01.66
474,00.75,00.32
475,00.38,00.96
476,00.96,01.26
477,00.20,00.06
478,00.22,00.08
479,00.36,00.08
480,01.34,03.60
481,00.33,00.09
482,00.66,00.20
483,00.18,00.09
484,00.28,00.43
485,00.62,00.49
486,00.11,00.66
487,00.50,02.11
488,01.36,03.27
489,00.22,02.44
490,00.19,00.06
491,01.94,01.60
492,01.92,01.59
493,00.36,00.23
494,00.42,00.19
495,01.88,01.93
496,00.14,01.53
497,01.94,02.38
498,00.23,00.87
499,00.48,00.50
500,00.24,01.10
501,00.23,00.73
502,00.30,03.43
503,00.30,00.20
504,00.23,00.54
505,00.26,02.32
506,01.51,01.87
507,01.96,02.31
508,01.21,00.43
509,02.45,02.60
510,02.32,01.18
511,02.59,02.10
512,02.73,02.45
513,01.95,01.23
514,00.71,00.26
515,02.12,00.82
516,01.10,00.19
517,00.24,00.04
518,00.21,00.03
519,00.25,00.05
520,00.21,00.05
521,00.64,00.07
522,00.13,00.02
523,00.37,00.04
524,00.12,00.04
525,00.43,00.08
526,00.24,00.06
527,00.16,00.04
528,00.09,00.03
529,00.08,00.03
530,00.10,00.03
531,00.03,00.01
